<!-- This file contain patch Metadata -->
<results md5_sum="f8c4f1cf2808f3fa4793c5f069ede408">
  <generated_date in_epoch_ms="1393084578000">2014-02-22 15:56:18</generated_date>
  <patch has_prereqs="n" has_postreqs="n" is_system_patch="n"> 
    <bug> 
      <number>18180390</number>
      <abstract><![CDATA[AFTER APPLYING DBPSU 11.2.0.4.1 DB PROCESSES GET WARNING: ODM_MKDIR NOT FOUND]]></abstract>
    </bug> 
    <name>18180390</name>
    <type>Patch</type>
    <status>Available</status>
    <access id="m">Open access</access> 
    <url> 
      <patch_readme host="https://updates.oracle.com"><![CDATA[/Orion/Services/download?type=readme&aru=17333696]]></patch_readme> 
      <patch_details><![CDATA[/download/18180390.html]]></patch_details>
    </url> 
    <request_id>17333696</request_id>
    <product id="9480" bugdb_id="5"><![CDATA[Oracle Database Family]]></product> 
    <release id="80112040" name="11.2.0.4.0" platform_patch_not_required="N"><![CDATA[Oracle 11.2.0.4.0]]></release> 
    <platform id="212" bugdb_id="212"><![CDATA[IBM AIX on POWER Systems (64-bit)]]></platform> 
    <language id="0" iso_code="EN"><![CDATA[American English]]></language> 
    <translations_available>No</translations_available> 
    <classification id="174">General</classification> 
    <support_level id="G">General Support</support_level> 
    <entitlements> 
      <entitlement code="SW"/> 
    </entitlements> 
    <fixes_bugs truncated="no"> 
      <bug> 
        <number>18180390</number>
        <abstract><![CDATA[AFTER APPLYING DBPSU 11.2.0.4.1 DB PROCESSES GET WARNING: ODM_MKDIR NOT FOUND]]></abstract>
      </bug> 
    </fixes_bugs> 
    <size>428754</size>
    <files> 
      <file> 
        <name>p18180390_112040_AIX64-5L.zip</name>
        <size>428754</size>
        <download_url host="https://updates.oracle.com"><![CDATA[/Orion/Services/download/p18180390_112040_AIX64-5L.zip?aru=17333696&patch_file=p18180390_112040_AIX64-5L.zip]]></download_url> 
        <digest type="SHA-1">9DD23A5A1361B37D3C68D02C54BEFCAE4C366590</digest> 
        <digest type="MD5">F0E07CC18033990AD511A3C113AADDFB</digest> 
      </file> 
    </files> 
    <downloads_count>0</downloads_count>
    <updated_date in_epoch_ms="1393084547000">2014-02-22 15:55:47</updated_date> 
    <released_date in_epoch_ms="0"></released_date> 
  </patch> 
</results>
