<oneoff_inventory>
    <opack_version version="11.1.0.4.0"/>
    <reference_id number="18180390"/>
    <unique_patch_id>17333695</unique_patch_id>
    <date_of_patch year="2014" month="Feb" day="22" time="08:06:11 hrs" zone="PST8PDT"/>
    <base_bugs>
        <bug number="18180390" description="AFTER APPLYING DBPSU 11.2.0.4.1 DB PROCESSES GET WARNING  ODM_MKDIR NOT FOUND"/>
    </base_bugs>
    <required_components>
        <component internal_name="oracle.rdbms" version="11.2.0.4.0" opt_req="O"/>
    </required_components>
    <os_platforms>
        <platform name="Solaris Operating System (x86-64)" id="267"/>
    </os_platforms>
    <executables>
        <executable path="%ORACLE_HOME%/bin/oracle"/>
    </executables>
    <instance_shutdown>false</instance_shutdown>
    <instance_shutdown_message></instance_shutdown_message>
    <online_rac_installable>true</online_rac_installable>
    <run_as_root>false</run_as_root>
    <sql_migrate>false</sql_migrate>
    <wls_prereq_oneoffs></wls_prereq_oneoffs>
    <prereq_oneoffs></prereq_oneoffs>
    <coreq_oneoffs></coreq_oneoffs>
    <overlay_oneoffs></overlay_oneoffs>
    <patch_type value="singleton"/>
    <product_family value="db"/>
    <auto>false</auto>
    <applicable_product value=""/>
    <products></products>
    <update_components></update_components>
</oneoff_inventory>
