<!-- This file contain patch Metadata -->
<results md5_sum="f5bf47db76355068d902367539a268dc">
  <generated_date in_epoch_ms="1393085198000">2014-02-22 16:06:38</generated_date>
  <patch has_prereqs="n" has_postreqs="n" is_system_patch="n"> 
    <bug> 
      <number>18180390</number>
      <abstract><![CDATA[AFTER APPLYING DBPSU 11.2.0.4.1 DB PROCESSES GET WARNING: ODM_MKDIR NOT FOUND]]></abstract>
    </bug> 
    <name>18180390</name>
    <type>Patch</type>
    <status>Available</status>
    <access id="m">Open access</access> 
    <url> 
      <patch_readme host="https://updates.oracle.com"><![CDATA[/Orion/Services/download?type=readme&aru=17333695]]></patch_readme> 
      <patch_details><![CDATA[/download/18180390.html]]></patch_details>
    </url> 
    <request_id>17333695</request_id>
    <product id="9480" bugdb_id="5"><![CDATA[Oracle Database Family]]></product> 
    <release id="80112040" name="11.2.0.4.0" platform_patch_not_required="N"><![CDATA[Oracle 11.2.0.4.0]]></release> 
    <platform id="267" bugdb_id="267"><![CDATA[Oracle Solaris on x86-64 (64-bit)]]></platform> 
    <language id="0" iso_code="EN"><![CDATA[American English]]></language> 
    <translations_available>No</translations_available> 
    <classification id="174">General</classification> 
    <support_level id="G">General Support</support_level> 
    <entitlements> 
      <entitlement code="SW"/> 
    </entitlements> 
    <fixes_bugs truncated="no"> 
      <bug> 
        <number>18180390</number>
        <abstract><![CDATA[AFTER APPLYING DBPSU 11.2.0.4.1 DB PROCESSES GET WARNING: ODM_MKDIR NOT FOUND]]></abstract>
      </bug> 
    </fixes_bugs> 
    <size>391663</size>
    <files> 
      <file> 
        <name>p18180390_112040_Solaris86-64.zip</name>
        <size>391663</size>
        <download_url host="https://updates.oracle.com"><![CDATA[/Orion/Services/download/p18180390_112040_Solaris86-64.zip?aru=17333695&patch_file=p18180390_112040_Solaris86-64.zip]]></download_url> 
        <digest type="SHA-1">DD573F1218932C0CAF3181CF0DBF051A1E594168</digest> 
        <digest type="MD5">8F49890E6FE1A576CDD64089AB478A50</digest> 
      </file> 
    </files> 
    <downloads_count>0</downloads_count>
    <updated_date in_epoch_ms="1393085173000">2014-02-22 16:06:13</updated_date> 
    <released_date in_epoch_ms="0"></released_date> 
  </patch> 
</results>
