<!-- This file contain patch Metadata -->
<results md5_sum="06e0559d58dad88aeb8453bde4b0af78">
  <generated_date in_epoch_ms="1393084312000">2014-02-22 15:51:52</generated_date>
  <patch has_prereqs="n" has_postreqs="n" is_system_patch="n"> 
    <bug> 
      <number>18180390</number>
      <abstract><![CDATA[AFTER APPLYING DBPSU 11.2.0.4.1 DB PROCESSES GET WARNING: ODM_MKDIR NOT FOUND]]></abstract>
    </bug> 
    <name>18180390</name>
    <type>Patch</type>
    <status>Available</status>
    <access id="m">Open access</access> 
    <url> 
      <patch_readme host="https://updates.oracle.com"><![CDATA[/Orion/Services/download?type=readme&aru=17333697]]></patch_readme> 
      <patch_details><![CDATA[/download/18180390.html]]></patch_details>
    </url> 
    <request_id>17333697</request_id>
    <product id="9480" bugdb_id="5"><![CDATA[Oracle Database Family]]></product> 
    <release id="80112040" name="11.2.0.4.0" platform_patch_not_required="N"><![CDATA[Oracle 11.2.0.4.0]]></release> 
    <platform id="23" bugdb_id="23"><![CDATA[Oracle Solaris on SPARC (64-bit)]]></platform> 
    <language id="0" iso_code="EN"><![CDATA[American English]]></language> 
    <translations_available>No</translations_available> 
    <classification id="174">General</classification> 
    <support_level id="G">General Support</support_level> 
    <entitlements> 
      <entitlement code="SW"/> 
    </entitlements> 
    <fixes_bugs truncated="no"> 
      <bug> 
        <number>18180390</number>
        <abstract><![CDATA[AFTER APPLYING DBPSU 11.2.0.4.1 DB PROCESSES GET WARNING: ODM_MKDIR NOT FOUND]]></abstract>
      </bug> 
    </fixes_bugs> 
    <size>691091</size>
    <files> 
      <file> 
        <name>p18180390_112040_SOLARIS64.zip</name>
        <size>691091</size>
        <download_url host="https://updates.oracle.com"><![CDATA[/Orion/Services/download/p18180390_112040_SOLARIS64.zip?aru=17333697&patch_file=p18180390_112040_SOLARIS64.zip]]></download_url> 
        <digest type="SHA-1">35905EF7E41139F8448E4173A21400F993422B81</digest> 
        <digest type="MD5">B292C87A16EDFF5272C0A3FEF9A15B04</digest> 
      </file> 
    </files> 
    <downloads_count>0</downloads_count>
    <updated_date in_epoch_ms="1393084284000">2014-02-22 15:51:24</updated_date> 
    <released_date in_epoch_ms="0"></released_date> 
  </patch> 
</results>
