<!-- This file contain patch Metadata -->
<results md5_sum="b9789729a27de06462d780f21069dd25">
  <generated_date in_epoch_ms="1393083998000">2014-02-22 15:46:38</generated_date>
  <patch has_prereqs="n" has_postreqs="n" is_system_patch="n"> 
    <bug> 
      <number>18180390</number>
      <abstract><![CDATA[AFTER APPLYING DBPSU 11.2.0.4.1 DB PROCESSES GET WARNING: ODM_MKDIR NOT FOUND]]></abstract>
    </bug> 
    <name>18180390</name>
    <type>Patch</type>
    <status>Available</status>
    <access id="">Open access</access> 
    <url> 
      <patch_readme host="https://updates.oracle.com"><![CDATA[/Orion/Services/download?type=readme&aru=17309647]]></patch_readme> 
      <patch_details><![CDATA[/download/18180390.html]]></patch_details>
    </url> 
    <request_id>17309647</request_id>
    <product id="9480" bugdb_id="5"><![CDATA[Oracle Database Family]]></product> 
    <release id="80112040" name="11.2.0.4.0" platform_patch_not_required="N"><![CDATA[Oracle 11.2.0.4.0]]></release> 
    <platform id="226" bugdb_id="226"><![CDATA[Linux x86-64]]></platform> 
    <language id="0" iso_code="EN"><![CDATA[American English]]></language> 
    <translations_available>No</translations_available> 
    <classification id="170">Open</classification> 
    <support_level id="G">General Support</support_level> 
    <entitlements> 
      <entitlement code="SW"/> 
    </entitlements> 
    <fixes_bugs truncated="no"> 
      <bug> 
        <number>18180390</number>
        <abstract><![CDATA[AFTER APPLYING DBPSU 11.2.0.4.1 DB PROCESSES GET WARNING: ODM_MKDIR NOT FOUND]]></abstract>
      </bug> 
    </fixes_bugs> 
    <size>453740</size>
    <files> 
      <file> 
        <name>p18180390_112040_Linux-x86-64.zip</name>
        <size>453740</size>
        <download_url host="https://updates.oracle.com"><![CDATA[/Orion/Services/download/p18180390_112040_Linux-x86-64.zip?aru=17309647&patch_file=p18180390_112040_Linux-x86-64.zip]]></download_url> 
        <digest type="SHA-1">08708C11686249E83D61A4F1ACF6A6A8DACF8C8B</digest> 
        <digest type="MD5">DEBFD62641EF74A6263E6B697AA3CBA7</digest> 
      </file> 
    </files> 
    <downloads_count>0</downloads_count>
    <updated_date in_epoch_ms="1393083964000">2014-02-22 15:46:04</updated_date> 
    <released_date in_epoch_ms="0"></released_date> 
  </patch> 
</results>
